"Per.capita.government.expenditure.on.health.at.average.exchange.rate..US..","X1995","X1996","X1997","X1998","X1999","X2000","X2001","X2002","X2003","X2004","X2005","X2006","X2007","X2008","X2009","X2010"
"Abkhazia",NA,NA,NA,NA,NA,NA,NA,NA,NA,NA,NA,NA,NA,NA,NA,NA
"Afghanistan",NA,NA,NA,NA,NA,NA,NA,0.83264313,1.25011796,1.61415968,2.52506627,2.81377948,3.50342621,3.74461289,3.90888662,4.39040759
"Akrotiri and Dhekelia",NA,NA,NA,NA,NA,NA,NA,NA,NA,NA,NA,NA,NA,NA,NA,NA
"Albania",13.94059069,17.0620735,14.16477075,18.62584824,28.13970639,27.16051203,30.50961872,32.54990198,40.60945675,63.93560085,71.35659984,75.55251418,88.76263385,109.07428422,106.89374492,94.02361264
"Algeria",46.77145965,47.96005336,49.73839952,48.67054687,45.54382499,45.9111145,52.50942325,54.07838073,62.63720886,63.22939519,69.29563633,81.67970568,108.9047466,147.82070649,143.16057703,138.84092275
"American Samoa",NA,NA,NA,NA,NA,NA,NA,NA,NA,NA,NA,NA,NA,NA,NA,NA
"Andorra",897.18154113,982.79481937,966.4849604,1338.29522121,942.42156254,862.39161156,889.5899109,1022.3326572,1297.39572392,1517.21190541,1628.69841218,1853.28165242,2102.01934571,2369.68449165,2357.76180599,2172.37916163
"Angola",13.51683268,8.72415485,10.5273051,6.64874402,6.54825377,12.51447308,18.32050967,14.31116488,19.36453709,19.66478251,27.1210765,50.84873501,68.38520496,125.54511,180.91418896,101.5915272
"Anguilla",NA,NA,NA,NA,NA,NA,NA,NA,NA,NA,NA,NA,NA,NA,NA,NA
"Antigua and Barbuda",233.09344133,227.11142654,245.81424432,263.58748559,277.83261316,281.39296193,265.67810784,266.94941181,278.5097619,290.61631225,304.66974911,350.9846955,396.55510517,408.58569001,403.15831834,489.45570043
"Argentina",367.6643573,357.21259123,373.3732748,382.56918064,399.60560498,381.87731516,367.27140987,120.72538264,148.07472311,173.80194659,217.0210268,258.84631622,333.85969529,437.00329348,487.74905178,405.05887531
"Armenia",7.96878387,8.16128227,7.35738501,10.01079129,9.62805519,7.06890421,10.99669245,10.56810909,13.90976579,16.27603376,23.63018997,32.99302227,48.33147887,63.53859502,55.95422301,54.23876024
"Aruba",NA,NA,NA,NA,NA,NA,NA,NA,NA,NA,NA,NA,NA,NA,NA,NA
"Australia",1029.37265671,1148.63567733,1178.039092,1053.2277802,1193.33561056,1144.75284373,1081.66902326,1235.74455248,1535.71484495,1915.15306751,2097.85660807,2217.43875499,2670.98796776,2875.46088335,2682.59657533,3246.36581198
"Austria",2112.06768259,2051.06961337,1929.51134706,2018.31965358,2049.53656748,1823.83875792,1815.09663899,1953.65887191,2412.84541349,2787.68468904,2917.15874134,3040.37351256,3517.03437406,3976.35814947,3909.67212794,3843.42389539
"Azerbaijan",4.33324416,6.01612378,6.15091878,5.03924493,5.61560878,5.63556889,5.89876965,5.96268702,7.20606156,10.52992715,13.58627127,20.83838759,36.72726007,45.04588745,65.41126535,67.26231209
"Bahamas",334.55574857,352.86859963,396.21196296,457.72260633,496.61553114,522.67588552,523.85704671,555.91890124,582.21739383,633.14968736,634.89563437,804.41269498,804.80506962,829.18488637,815.08047689,791.11451337
"Bahrain",335.59075775,336.20375602,353.3875998,329.87173551,343.41726764,335.48428673,353.85720294,386.13866684,428.0109575,443.94074158,475.11840302,484.67671559,512.78901048,565.11894888,540.12279565,633.62770191
"Bangladesh",23.83025448,24.39962057,20.42111841,21.20627398,22.34238069,24.21962971,27.12701507,29.3456711,30.4397314,33.69826166,37.36466997,43.02184554,47.40518493,49.06882266,53.05791841,58.00554462
"Barbados",305.84702524,317.76328736,322.04278563,346.67767153,372.19785575,395.55382769,428.99623401,458.90869591,456.33096997,472.17581359,498.06286806,542.45354367,559.69890215,627.51495296,493.64476061,652.3074976
"Belarus",49.16810633,66.47887357,74.97990349,68.77066395,56.63369867,47.92029244,58.50376474,66.80539004,87.45211909,115.4007464,154.43852356,168.25017848,207.1716943,242.96447382,198.93021791,248.31391694
"Belgium",1640.65446294,1679.47112458,1436.12839814,1477.85862454,1499.69068257,1375.77452059,1413.94637376,1528.22373873,2251.36083736,2677.65193564,2746.23670706,2685.29199169,3065.37421696,3563.69918909,3566.53858993,3451.90222173
"Belize",74.08390866,58.00964656,63.70754372,62.27511763,60.99767253,69.44853939,87.98538101,87.22640558,95.41694201,96.49528977,105.01462068,113.21511168,133.06439371,137.85377044,154.16467668,149.71976754
"Benin",8.1075156,8.23899699,6.87307444,7.73777986,8.29665136,6.94049286,8.58306992,7.64305699,10.97839059,11.91078734,13.43001587,14.26014422,16,17,18,15
"Bermuda",NA,NA,NA,NA,NA,NA,NA,NA,NA,NA,NA,NA,NA,NA,NA,NA
"Bhutan",12.86860207,19.20414021,24.42484422,25.02617128,38.18615295,40.93456604,39.290585,58.54913073,37.34348738,34.93704175,43.94919531,56.17043323,73.81325254,80.91950447,78.46262503,94.19770696
"Bolivia",25.64398708,28.84157059,29.64958873,33.28665548,36.67865404,36.90724912,35.96067065,37.50208114,30.68671749,32.59996079,38.56219573,41.25261171,44.36192603,55.6030594,58.3737023,60.65349201
"Bosnia and Herzegovina",30.02612169,41.48321637,39.52206818,40.71955944,61.84796094,60.88767251,67.07272338,78.79045249,123.09261503,138.91963208,144.46285061,169.43738061,222.69400345,294.19225062,303.4947345,306.52684274
"Botswana",65.34420764,65.59540474,77.70974771,71.28794723,75.4790169,94.37971997,126.25673322,145.24293934,180.41470247,346.12205466,310.94278028,290.83239465,386.01241019,407.24063721,441.99418214,445.76072306
"Brazil",135.90029838,141.8709084,152.67534983,143.05791699,103.40200043,106.75368153,96.30129687,90.66287565,94.77183957,121.04390672,155.55158462,204.98809606,255.08688095,305.73574181,319.84470564,465.67404002
"British Virgin Islands",NA,NA,NA,NA,NA,NA,NA,NA,NA,NA,NA,NA,NA,NA,NA,NA
"Brunei",375.08860198,519.23878992,514.47833546,482.1617045,458.12379481,476.84498232,431.58206817,439.08936389,487.66871933,557.91924796,581.77522198,597.50459405,661.47524155,754.30028866,709.72350798,748.32260895
"Bulgaria",60.51647544,38.45053184,45.7656738,57.82283902,63.89218565,59.52535931,75.45206292,94.32380116,124.74431412,144.72852664,166.67717762,169.37797791,218.07343277,277.55741391,256.08411179,236.9744713
"Burkina Faso",4.15324741,4.55124611,4.47943313,4.97620851,5.46886125,4.31995506,4.10541823,5.55976816,8.17350386,12.15183052,15.74706853,14.87443847,17.96419923,21.56151702,19.3126159,20.27447781
"Burundi",3.00991129,2.86477668,2.40966371,2.3334837,2.0773543,2.01390968,2.30144859,2.01354966,1.64916192,3.43966923,4.667533,6.17533156,6.65175068,6.80837092,6.72102469,7.90940238
"Cambodia",3.21471026,7.42815436,5.56721914,3.28937185,3.23052842,3.80777278,5.26635134,6.58007492,8.41755226,9.25904436,7.21796047,7.98475091,10.2874399,12.65904548,14.97304379,16.82139011
"Cameroon",5.86006897,5.96980053,6.10376025,5.14902175,5.45272824,5.5246363,6.78171512,8.55620152,10.80859562,10.38168348,10.58456982,10.76372672,11.86685153,13.04549914,15.64593849,18.17108644
"Canada",1297.15626174,1294.3665538,1313.38169347,1304.44425294,1354.96061183,1469.88202793,1503.86073999,1563.67624541,1878.21632391,2132.40338688,2425.79012568,2729.81930623,3047.98563596,3258.48652902,3191.40574742,3681.42613478
"Cape Verde",50.73669527,47.29737814,44.54623138,47.50117493,45.9813741,42.02368375,48.16935728,51.89797829,59.80442552,78.64092601,75.62507738,95.12335782,103.04320758,113.9037323,111.21554798,116.0392246
"Cayman Islands",NA,NA,NA,NA,NA,NA,NA,NA,NA,NA,NA,NA,NA,NA,NA,NA
"Central African Republic",4.86327739,3.48334612,4.05406275,3.3957187,3.89734611,4.13021606,3.81834228,4.39277025,4.72110698,4.90437841,4.42546509,4.8386784,5.7184189,6.15473433,6.24655364,6.4365166
"Chad",4.14184241,4.54608235,4.04403572,3.76510724,3.84266446,4.49340228,4.80916479,5.58609829,8.0942278,8.45104748,10.53202634,7.83017746,6.59563377,6.04398315,5.60810331,7.65331926
"Channel Islands",NA,NA,NA,NA,NA,NA,NA,NA,NA,NA,NA,NA,NA,NA,NA,NA
"Chile",127.40658265,141.73859823,155.7578568,162.6656862,157.6315956,168.58764608,159.30040214,156.92127435,134.200414,167.33113569,201.11800466,249.27924711,295.10381318,336.91055483,382.0569429,456.40623165
"China",10.67774257,12.31596274,13.70728648,14.79219182,15.78363019,16.61727941,16.80674612,19.38332545,22.15497783,26.6265517,31.15907201,37.96834315,53.72577706,78.2202325,100.4264327,118.38841636
"Christmas Island",NA,NA,NA,NA,NA,NA,NA,NA,NA,NA,NA,NA,NA,NA,NA,NA
"Cocos Island",NA,NA,NA,NA,NA,NA,NA,NA,NA,NA,NA,NA,NA,NA,NA,NA
"Colombia",109.25482178,149.06628861,175.39392598,171.618899,157.20228896,130.48136145,125.21985549,123.14695464,122.53327127,145.16845689,177.65253086,193.1543716,239.17191356,266.1789425,278.44250005,343.24719239
"Comoros",13.50516984,12.33688076,10.54043721,8.81761275,7.98084558,5.46586374,4.17148035,6.94563015,9.46252379,11.8254847,13.45292869,15.41394391,19.1019218,23.22485312,12.60431807,22.33183442
"Congo, Dem. Rep.",0.19,0.14,0.27,0.23,0.6592288,0.54345903,0.31,0.27,1.15604805,1.41596712,2.19519292,2.7823269,3.69746663,6.45543787,7.47958038,6.69876027
"Congo, Rep.",14.48727395,15.52463203,13.99046085,14.03665211,13.50817818,12.51413648,11.56316868,11.77705306,13.45971595,18.42324314,24.6548485,31.74426896,34.68345531,38.70418191,31.80142026,33.78812427
"Cook Is",244.42953901,223.39299502,171.0072864,160.70659823,144.12971128,157.97591192,229.53639287,208.0477303,295.73300076,327.67978305,414.06371327,358.56512243,427.09597606,420.02603214,407.68643662,505.53890814
"Costa Rica",168.26052711,168.67141838,163.1555702,179.47507115,194.62897245,204.00271009,220.11509482,236.07917013,242.47633862,246.26252797,252.82493335,282.81542802,352.70533379,413.13389448,449.44519226,552.60030072
"Cote d'Ivoire",8.55749206,10.57728913,10.96239625,10.82359974,9.90167667,8.34838753,5.97942732,6.92954707,7.68180406,9.35446933,7.7443313,8.50869532,13.64203621,17.05693465,12.73029336,12.89902835
"Croatia",279.56636424,323.28315594,254.94146543,323.94686639,324.88719665,324.78091835,312.86499791,299.92708761,409.22052431,497.69033428,606.38494894,679.80364743,877.25859002,1038.83619858,943.74141358,905.3148175
"Cuba",100.91534223,108.00967041,114.31537561,120.99116684,139.15781832,151.0828396,160.86265099,171.69048072,180.58648935,185.83274821,281.82552645,332.24802064,556.63170955,557.0487718,623.26719459,555.26596691
"Cyprus",253.14185473,257.41714604,252.38140391,320.08845865,333.25110453,309.89096285,328.81139642,398.49015844,557.33290737,587.93033821,588.63100858,622.01628839,713.05563321,796.06646826,745.09164496,707.49492014
"Czech Republic",340.31378036,365.69842726,333.53170159,360.03547264,347.29691855,326.42995271,362.9827796,472.80924195,598.23219608,687.24855096,769.4165322,839.00374576,971.50028954,1216.59905993,1254.76502811,1238.41096852
"Czechoslovakia",NA,NA,NA,NA,NA,NA,NA,NA,NA,NA,NA,NA,NA,NA,NA,NA
"Denmark",2333.21085831,2372.06912381,2162.72532855,2192.23562266,2457.31659104,2187.75921628,2294.81225293,2550.32985168,3171.55161628,3692.80563038,3924.45450737,4238.81216866,4800.05081655,5390.31313752,5486.62343479,5465.08605214
"Djibouti",19.2017383,17.87635922,20.91595166,26.04898948,33.19013922,29.63939804,26.87293942,27.39419345,33.56469525,29.26797065,43.22846503,43.90938032,53.93754142,56.08224869,65.45350795,59.84327482
"Dominica",130.59287077,140.08037595,151.60687605,152.52617533,158.7233563,159.47742438,159.99411222,160.33118009,160.56518947,161.2995745,162.21066914,179.18430104,192.84496335,204.20661275,223.16031145,291.99115139
"Dominican Republic",22.64116566,26.09656002,34.95515801,44.06179636,50.74186746,60.35988891,54.09615092,57.53833366,43.843294,36.15062773,62.65970472,78.01417473,83.0574447,99.70800637,115.39192527,140.17783079
"East Germany",NA,NA,NA,NA,NA,NA,NA,NA,NA,NA,NA,NA,NA,NA,NA,NA
"Ecuador",40.36019064,47.39264896,47.10619537,32.49671863,25.56652923,16.74144099,26.98516489,36.24697924,32.10657473,37.55051908,40.51718398,48.82804266,55.4523846,71.6382421,111.94423613,122.13839462
"Egypt",17.41366325,18.95690411,22.65953154,26.28456764,29.37529034,31.8134893,30.6662608,29.63563799,23.44559259,23.80943117,26.78763611,33.2453193,34.88115897,42.71494519,44.87343997,46.07898009
"El Salvador",40.7102172,55.34064889,59.88933574,71.63888016,72.91375724,79.82755094,82.28256426,85.5010008,86.54370249,93.36862177,106.04059524,125.82128307,122.29403347,128.29494002,137.27957878,146.10060111
"Equatorial Guinea",12.44983469,13.89224486,21.0760073,23.21129466,18.21998279,21.4967933,38.6155637,114.01552274,82.74382879,108.20594059,134.971763,184.9153837,259.74302933,418.35472748,611.65235271,680.49435968
"Eritrea",4.04002279,2.89209079,3.83865663,4.02614138,3.88547138,4.3284604,4.82887192,3.6769519,3.63425302,3.7806895,3.60111426,3.83343975,4.09336808,5.38802777,5.09138496,5.74167964
"Eritrea and Ethiopia",NA,NA,NA,NA,NA,NA,NA,NA,NA,NA,NA,NA,NA,NA,NA,NA
"Estonia",148.75321718,193.82500808,198.59674725,192.49882857,196.44169273,169.42659478,174.29276226,200.92485243,279.02336568,345.34335575,397.56755492,459.09962004,638.92088127,836.00056077,757.94902114,671.37168728
"Ethiopia",1.59852238,1.61060018,1.7996141,1.98730745,2.10124037,2.84813615,3.22993665,2.86462516,3.43005665,3.42651674,4.14290811,4.60563612,6.69566501,7.28726668,8.32716506,8.41369793
"Faeroe Islands",NA,NA,NA,NA,NA,NA,NA,NA,NA,NA,NA,NA,NA,NA,NA,NA
"Falkland Is (Malvinas)",NA,NA,NA,NA,NA,NA,NA,NA,NA,NA,NA,NA,NA,NA,NA,NA
"Fiji",62.53174925,71.73987971,76.34460954,53.94872688,60.33637981,67.11584736,53.55355319,64.42938977,76.50226654,96.15413165,107.32332722,112.88844931,113.26747302,115.5430891,101.48384783,108.19264259
"Finland",1441.00610115,1440.57715142,1331.10232742,1341.20617984,1329.25575781,1210.48263817,1283.81490888,1470.61022516,1914.7698308,2225.73765371,2371.53927735,2466.16857814,2783.91413668,3166.92094213,3046.94081127,2990.41263855
"France",2183.16384238,2177.60201348,1939.57873536,1973.64360989,1947.87643552,1748.60961327,1773.69297865,1982.93736425,2493.04678207,2861.50220629,2983.86593119,3108.35812661,3511.86507336,3839.00484663,3771.88159456,3651.84900601
"French Guiana",NA,NA,NA,NA,NA,NA,NA,NA,NA,NA,NA,NA,NA,NA,NA,NA
"French Polynesia",NA,NA,NA,NA,NA,NA,NA,NA,NA,NA,NA,NA,NA,NA,NA,NA
"Gabon",51.61388476,60.4915726,46.82914415,53.99114804,41.15175263,42.96361056,44.81891314,44.40504838,67.20445554,73.17871454,69.44045765,81.45212396,102.54365514,115.08569254,127.32786509,159.87577109
"Gambia",6.18358208,5.59041606,5.29033421,6.97542318,6.89239095,6.34408962,6.80644175,5.9138284,7.62306031,9.96626366,10.40116047,10.9410757,10.36076967,12.65679575,14.30996948,13.2833014
"Georgia",1.51330026,5.36372898,10.63093911,8.88309947,6.64642744,7.60714191,9.53887342,10.27922796,10.98147169,14.82560228,23.60587198,30.88649053,33.39486509,51.83188353,55.88835081,64.20004026
"Germany",2543.51359299,2541.81662723,2176.83768338,2183.92751985,2147.26784155,1897.74653103,1903.19543627,2062.442079,2516.98935744,2706.49833766,2778.18362326,2864.47897335,3233.32004646,3611.94094226,3630.05363988,3598.29829194
"Ghana",11.46418065,11.69009926,11.19145481,11.85223084,10.29434537,6.00088862,8.64620641,7.24089382,9.20902477,15.98087472,23.10241233,27.10749444,40.8854507,39.76349477,30.89110204,39.8753492
"Gibraltar",NA,NA,NA,NA,NA,NA,NA,NA,NA,NA,NA,NA,NA,NA,NA,NA
"Greece",553.67101191,589.14707385,562.20209894,549.0051036,594.88755598,550.42840987,640.04003683,707.84487533,942.74755923,1067.38284753,1255.70228103,1419.6134161,1615.57664233,1845.33516897,1859.3388835,1621.20531781
"Greenland",NA,NA,NA,NA,NA,NA,NA,NA,NA,NA,NA,NA,NA,NA,NA,NA
"Grenada",82.93148834,88.26573282,95.30512302,106.11387922,138.85782859,176.57183592,230.89895495,186.79814466,176.52906387,157.57287881,196.84060021,216.89650363,212.11727075,213.89702162,227.27777902,197.51370098
"Guadeloupe",NA,NA,NA,NA,NA,NA,NA,NA,NA,NA,NA,NA,NA,NA,NA,NA
"Guam",NA,NA,NA,NA,NA,NA,NA,NA,NA,NA,NA,NA,NA,NA,NA,NA
"Guatemala",19.31567792,18.97053327,23.6902775,35.43587338,39.03830616,37.67355047,38.80729007,38.61873693,42.32847392,42.07417242,45.98963083,56.45563501,61.38394096,68.5392064,68.81293245,68.65265464
"Guernsey",NA,NA,NA,NA,NA,NA,NA,NA,NA,NA,NA,NA,NA,NA,NA,NA
"Guinea",5.53496405,5.23917087,5.33528457,4.19575667,4.35105746,3.93401614,4.30716184,4.56350009,5.23160332,3.70477448,1.83262798,2.15751003,1.82546028,3.60337113,2.05708212,2.5971111
"Guinea-Bissau",6.31330681,6.14899416,5.36939882,3.81764605,2.69059157,1.73910841,1.49115165,3.96286049,4.69637119,3.38795062,3.74130392,3.6466,4.44313513,5.07197533,5.08511028,4.70151059
"Guyana",32.89314239,36.15688265,40.89847772,39.36491337,33.93519671,44.74515633,43.42738979,46.05981603,44.22050809,58.84473138,66.64265536,76.74629117,69.84049354,139.39282852,144.42092812,135.59788621
"Haiti",9.24136247,9.08738335,9.68099209,9.15162779,8.16571286,7.11900681,5.87583233,4.29299397,3.01952537,4.1604993,4.17099326,6.97834329,8.24446187,8.92405727,8.72953902,9.95345094
"Holy See",NA,NA,NA,NA,NA,NA,NA,NA,NA,NA,NA,NA,NA,NA,NA,NA
"Honduras",20.36235054,17.59481888,19.17646116,25.80973382,25.85401808,41.53028009,43.60177438,47.39982413,58.96514343,55.34890609,53.6086973,54.27817003,62.8436123,70.81831128,89.17444164,NA
"Hong Kong, China",NA,NA,NA,NA,NA,NA,NA,NA,NA,NA,NA,NA,NA,NA,NA,NA
"Hungary",271.38431171,257.310518,251.02070422,250.64015981,249.8078313,230.61851758,258.48085826,348.34153154,502.36030568,588.15762165,657.39872019,658.59716801,719.58174572,794.01600159,667.16377238,653.76160896
"Iceland",1867.00505228,1900.57232634,2249.87138376,2251.63727064,2674.53958425,2472.91808659,2176.25976139,2657.86995058,3301.29386889,3714.65474225,4346.9630996,4236.16167949,5120.75438417,4117.22835112,3039.10149348,3003.52769674
"India",4.09773063,4.07533927,4.61096966,4.71078943,5.09770195,5.08230115,4.99358646,4.88120375,5.39036747,6.00643062,7.31977194,8.2100212,10.42370188,11.92058097,13.42071482,15.82486231
"Indonesia",7.07495167,8.17022239,7.12121391,3.25766101,5.24710267,5.47015315,7.15376637,7.61058516,10.7449321,10.69022253,11.47524084,16.42419098,23.14719097,24.80030645,25.98027564,37.74177117
"Iran",30.49997812,40.82255483,53.35313887,65.07541812,75.34873398,96.18621655,128.24210544,44.82753799,44.27991109,50.74795515,69.01318439,80.8461461,98.09842754,128.06765121,118.0705052,127.1867995
"Iraq",NA,0.03,0.04,0.3,0.48,0.39,0.43,0.27,8.32263132,45.04528515,41.71801973,42.14838735,75.00771462,119.95366938,156.46195904,200.31894008
"Ireland",897.43637375,950.1843172,1050.73321743,1089.93877819,1172.67531912,1172.1244314,1386.67267476,1682.7282083,2224.0099266,2668.25988034,2842.39890525,3014.48449692,3500.0003329,4019.96848119,3530.81069673,2933.40009389
"Isle of Man",NA,NA,NA,NA,NA,NA,NA,NA,NA,NA,NA,NA,NA,NA,NA,NA
"Israel",886.66365501,980.83790022,1000.62607368,917.18201527,873.34651154,932.2330036,949.83152996,864.46007319,860.41073594,880.50430888,898.35316889,929.68658212,1032.32848677,1251.19418734,1209.06250417,1316.98034953
"Italy",1017.51249205,1153.67197774,1136.68135201,1162.75777192,1162.60403711,1126.7543131,1202.2441536,1324.74167306,1626.51745564,1952.34602008,2066.30751556,2183.07300066,2368.98608414,2690.76879615,2588.17973487,2520.74286865
"Jamaica",50.81029056,73.87379989,99.9243686,102.56876656,81.28187127,99.71640305,77.35312872,103.16290624,82.11467475,103.98337454,83.22973525,102.19569368,119.73164592,145.813855,126.007263,132.31077661
"Japan",2378.70994356,2140.16674095,1918.57714462,1785.65442035,2102.16849203,2290.38600525,2076.12961561,1993.84548843,2164.58870373,2352.09172915,2388.31000663,2221.02768182,2255.30774429,2627.89681617,3090.29120485,3355.07009761
"Jersey",NA,NA,NA,NA,NA,NA,NA,NA,NA,NA,NA,NA,NA,NA,NA,NA
"Jordan",78.96340943,78.95922043,85.05463816,89.57704862,85.60559648,81.2452912,87.49050371,92.90129335,91.82544981,107.10681742,108.43192031,119.63317106,150.77925116,203.94078889,262.43049523,241.83869529
"Kazakhstan",30.85875588,36.93732256,42.98166464,44.84978575,25.68383248,25.91916865,29.23114925,31.95989527,41.51922177,65.77788127,94.93908938,121.97543461,120.87444474,192.85599215,192.97682745,233.45774001
"Kenya",6.51912364,7.10565859,7.24783938,9.46781907,7.07943474,8.80818417,8.36946755,7.75885741,8.50528863,8.32559084,9.685073,11.47990469,13.61399948,13.09886831,15.4009249,16.32270669
"Kiribati",66.8857474,76.10130045,77.93363294,55.06350275,72.22923224,60.9313246,62.64809759,71.00578719,96.13376303,111.87454694,109.09985936,104.73126066,147.56017283,144.28032802,134.43530243,131.41312937
"North Korea",NA,NA,NA,NA,NA,NA,NA,NA,NA,NA,NA,NA,NA,NA,NA,NA
"South Korea",170.03224921,205.9242624,201.59364847,153.39917966,211.97328356,NA,295.93017101,319.26329276,365.39714425,414.98177867,526.06694445,659.18265503,761.66662447,692.28147359,688.97089807,848.43616545
"United Korea (former)
",NA,NA,NA,NA,NA,NA,NA,NA,NA,NA,NA,NA,NA,NA,NA,NA
"Kosovo",NA,NA,NA,NA,NA,NA,NA,NA,NA,NA,NA,NA,NA,NA,NA,NA
"Kuwait",515.04843946,533.25348801,534.16980265,515.21648056,472.934051,370.40132546,509.64334385,524.05630928,583.40043285,595.98494305,677.51226815,789.21818578,786.84589752,873.8055228,1348.85008483,983.1405978
"Kyrgyz Republic",12.86229905,12.30357627,10.69510573,11.99875413,7.40527561,5.72630892,6.02842394,6.89828748,7.89142986,10.02955722,11.61524874,16.52530125,23.91327321,27.26202019,30.24635346,30.04684327
"Lao",9.10709003,10.19851074,12.72737791,6.95711936,3.21110768,3.79576682,3.61211149,3.46390285,4.58597183,3.36217385,2.58358629,3.10770519,3.30656579,9.55544934,11.06180514,15.36749733
"Latvia",76.37946403,81.24573645,89.27390861,104.086082,114.51839112,106.91392943,110.21407224,129.38894927,155.90327761,218.91637594,251.85465981,378.45076271,535.51548685,608.64087634,466.28676566,438.74289213
"Lebanon",102.22779909,122.80747108,151.68097959,149.20139417,142.51651551,148.3832111,161.5986688,185.85733602,170.29465764,194.57661054,198.186917,189.99898515,212.28328415,241.01832757,258.62241377,254.95531389
"Lesotho",17.0539293,16.86472634,14.37122593,14.10507623,13.42146405,13.64189099,15.52824888,12.51725409,19.27115052,23.74531933,21.92428712,28.60495774,42.45953196,46.44791055,55.74243208,83.00086917
"Liberia",NA,NA,NA,2.03001806,2.48619623,2.63408248,2.85916762,1.91769505,1.56482778,1.9551535,2.66680317,3.37054219,5.88302741,9.06686013,9.66351771,9.48724976
"Libya",92.80243293,91.52578312,90.32426536,111.3034558,108.08760578,123.82346437,143.26839756,117.88191301,121.34846893,128.50109059,137.82907734,147.37987027,224.32957953,329.5527533,282.49288256,332.69296609
"Liechtenstein",NA,NA,NA,NA,NA,NA,NA,NA,NA,NA,NA,NA,NA,NA,NA,NA
"Lithuania",73.91639801,91.97301199,117.89550235,146.36688925,144.6427558,147.9497071,159.63864074,196.67399367,266.84992817,252.69583546,302.23280975,383.74074784,529.00975321,676.4639561,613.52534534,574.23778454
"Luxembourg",2602.90555438,2608.04542171,2285.02095043,2387.17138531,2574.74453502,2955.01507919,2854.16720187,3577.40987829,4168.27258236,5179.52268966,5464.8032298,5944.16306074,6414.4605175,6770.17817704,6942.29010807,6905.53034412
"Macao, China",NA,NA,NA,NA,NA,NA,NA,NA,NA,NA,NA,NA,NA,NA,NA,NA
"Macedonia, FYR",117.47014171,118.61347957,107.06744793,119.80026736,98.09099444,90.12107078,85.24349916,102.94133084,127.86218007,141.14330664,146.87348649,164.00367961,176.18400963,222.73185562,207.05861144,202.00997115
"Madagascar",3.6105769,5.50189669,5.24811379,4.98065046,4.88437462,6.23316254,7.58348185,6.95370565,7.34521488,5.99243099,6.91845663,7.92518463,10.59951635,14.86741267,11.45714755,9.58503812
"Malawi",2.6372706,2.86171921,4.13056708,3.10297534,3.69872411,4.31429361,3.29785584,6.55987679,9.1407055,12.03233915,13.03385834,14.63257591,12.70010056,13.25724954,16.51971563,15.42124932
"Malaysia",74.69914675,84.19392784,72.93796378,56.79719224,62.92302586,73.44648772,84.30116837,89.32519082,114.0776438,108.41963679,97.93904691,128.69500308,143.25656339,169.10807582,176.31208694,204.24464946
"Maldives",58.75640886,63.89788094,69.54345776,72.12592795,81.92576902,94.83867059,88.51105405,87.73829388,109.55655866,132.8989783,173.85220499,206.65021258,221.86047354,315.6693918,215.56687854,231.37008657
"Mali",7.53242489,8.54257716,6.58518744,5.85245681,4.87411394,4.86616855,7.44688566,6.74618532,9.40192167,12.060951,11.64713399,12.78233262,14.21734474,15.63293527,15.62985912,14.74603617
"Malta",399.23575316,437.03739837,441.88228704,466.18275562,458.82195344,465.7837864,468.07428135,583.76662679,751.89125536,854.74655508,956.94916882,1002.15549058,1057.17252236,1035.75197803,1080.50790583,1111.11563906
"Marshall Islands",309.47503587,352.95418109,352.01697243,328.39014458,319.92351449,409.56718765,354.54462796,356.16202512,320.40190375,350.77582589,349.61295847,383.82772039,409.0247046,390.8392353,453.70324248,433.13185184
"Martinique",NA,NA,NA,NA,NA,NA,NA,NA,NA,NA,NA,NA,NA,NA,NA,NA
"Mauritania",17.37150714,11.3838498,11.71396872,14.19869119,18.70303947,16.13067853,11.71961884,16.22688738,15.16402167,18.62680443,18.61847995,19.09764893,22.40216844,24.37511567,20.01657036,22.6685411
"Mauritius",70.32803721,73.22334859,68.85560931,69.44801484,68.21193826,75.46162965,75.2503167,85.14411938,99.51634684,120.42169723,110.7452394,110.17763657,114.4026107,133.89221108,141.94218578,187.22084082
"Mayotte",NA,NA,NA,NA,NA,NA,NA,NA,NA,NA,NA,NA,NA,NA,NA,NA
"Mexico",74.20426593,75.77692755,99.88697064,108.40635846,132.3410519,152.65246094,167.09124148,173.52514094,175.32664595,198.68387156,215.17670041,232.58753667,256.13345957,280.80016285,253.19645748,NA
"Micronesia, Fed. Sts.",180.03351343,165.10244169,139.54730143,132.11813468,145.599226,159.96948732,179.10901194,165.8598706,204.22764618,217.21099065,258.43774847,254.26492153,258.94033118,276.5722259,304.67860563,333.82284088
"Moldova",19.32057103,26.37949171,27.44887433,17.39688222,8.16012425,11.43160454,13.08196155,18.5372301,21.74744774,30.14881629,34.7142177,44.8478256,60.53275693,91.41377875,92.42500552,87.19891761
"Monaco",2576.3852741,2478.9226578,2348.54604637,2327.98412175,2456.3711344,2120.71590766,2170.47997397,2400.01304817,3443.75927605,4047.64108036,4228.13974965,4350.907024,4913.32615873,5869.56071545,5857.17706578,5569.664754
"Mongolia",15.42577971,17.55748097,15.42317291,15.09343587,14.74428164,17.72348654,19.9175002,21.49380419,21.78283897,26.02728142,26.29112699,33.84222094,48.54764447,68.06621585,52.94669124,66.1692474
"Montenegro",98.51512053,72.1122169,72.03209298,73.68817348,71.64239985,80.66829778,109.55477478,120.33579689,181.39265689,206.49223775,216.99464167,241.5566457,317.35831303,404.11672705,442.85717356,388.48505379
"Montserrat",NA,NA,NA,NA,NA,NA,NA,NA,NA,NA,NA,NA,NA,NA,NA,NA
"Morocco",15.42954315,16.42960049,13.80060447,16.10008544,16.05305569,15.81122907,18.49063533,18.9197479,23.3471238,27.06218522,28.07936326,36.6517211,45.56066502,54.340858,58.71159882,56.15651369
"Mozambique",4.88472919,5.1317259,6.67850428,7.42195074,9.12097472,10.21112242,8.64986923,9.82247319,9.72063858,9.91204806,13.63886125,13.16785805,12.95589054,12.89819009,16.77045023,15.30809273
"Myanmar",0.49,0.4,0.28,0.2,0.27,0.45,0.31,0.46,0.49,0.66716483,0.46,0.83561604,0.88191069,1.17505794,1.61881102,2.08765066
"Namibia",93.71092377,97.58135588,102.1855183,93.38433773,93.4862661,86.87731433,63.65096619,60.92391604,91.39530158,103.6897823,124.97428999,117.83240713,154.05410608,150.19345506,163.10773212,210.94576664
"Nauru",431.23144602,389.99117933,354.1926213,299.86083297,301.84709162,271.37849651,252.27350745,275.5187482,321.85832732,291.43172369,302.02325546,315.14780804,412.03925416,430.52392729,407.82552327,488.63786728
"Nepal",1.59726662,1.67235288,2.22962961,2.37762175,2.10173767,2.4746983,3.55393652,3.5822962,3.53452631,4.74571701,5.72940663,7.02647531,6.96268672,8.9028667,9.60108593,9.8985135
"Netherlands",1603.20937293,1462.94430886,1334.99211256,1325.99909664,1320.13264661,1214.05607635,1301.4844801,1502.17684458,1983.62289339,2234.85895074,2326.7994955,3049.45738649,3478.57689329,3943.43872428,4545.56862164,4431.11841216
"Netherlands Antilles",NA,NA,NA,NA,NA,NA,NA,NA,NA,NA,NA,NA,NA,NA,NA,NA
"New Caledonia",NA,NA,NA,NA,NA,NA,NA,NA,NA,NA,NA,NA,NA,NA,NA,NA
"New Zealand",917.4274281,979.92726701,1002.66837003,865.91163038,893.69381029,820.2913392,803.58947411,969.18714388,1254.828077,1571.7166935,1823.17670943,1837.78178337,2219.99357709,2336.34612472,2243.25443725,2728.4954334
"Ngorno-Karabakh",NA,NA,NA,NA,NA,NA,NA,NA,NA,NA,NA,NA,NA,NA,NA,NA
"Nicaragua",37.20088414,34.53633388,23.44865177,26.15936746,23.66116273,29.01567893,29.47815717,29.97596097,34.84380602,36.66055244,40.21245348,42.90352052,50.83599009,57.70872616,56.96380852,NA
"Niger",2.81026806,2.54166605,2.96497652,3.29037605,3.08094581,2.3224676,2.993863,3.36856378,3.66074574,4.26197149,7.72255381,8.60331052,8.17924626,10.08084024,9.55398497,9.30410717
"Nigeria",9.30922799,10.63464652,12.53762189,15.90169344,4.69766473,5.72473199,5.70092598,4.55433767,8.59454941,14.65178305,15.46138954,20.09591372,26.82488471,32.64534422,23.36574202,23.78939026
"Niue",345.0651396,462.22655463,407.49857179,316.23914791,379.36103144,313.23351166,1441.39758511,455.07964885,699.582908,1020.36775615,1035.67177077,1263.02613435,1573.70477257,1718.23517865,1811.76371052,2302.08646511
"Norfolk Island",NA,NA,NA,NA,NA,NA,NA,NA,NA,NA,NA,NA,NA,NA,NA,NA
"Northern Cyprus",NA,NA,NA,NA,NA,NA,NA,NA,NA,NA,NA,NA,NA,NA,NA,NA
"Northern Mariana Islands",NA,NA,NA,NA,NA,NA,NA,NA,NA,NA,NA,NA,NA,NA,NA,NA
"Norway",2506.67913686,2573.07300553,2453.14198031,2593.12060037,2745.12597732,2603.03536299,2785.23666458,3455.97703088,4132.79773737,4542.51837705,4962.98598577,5234.25063336,6149.78731307,6803.23015515,6334.99617692,6788.38875614
"Oman",186.89627241,199.3716268,192.03885816,185.56237066,198.67184364,215.51242818,215.55851078,231.90391501,243.20193823,253.47453653,272.19258653,278.25358716,323.0091688,365.90889716,409.9510139,460.21087194
"Pakistan",3.87462001,4.07465808,3.67884395,3.12340038,2.96883224,3.16096413,2.66868932,4.16518423,3.65398093,4.3236873,4.81190674,6.38281942,6.91919772,7.38773949,6.99433464,8.37996789
"Palau",527.413933,616.0280321,606.9970202,493.84515711,505.19177792,531.66075527,535.56334399,513.61569509,538.32876434,632.58092208,610.1175525,662.38568787,691.25658614,650.83099334,665.98436787,657.00835162
"Panama",154.95385379,157.9592037,176.37595489,181.76216449,179.50510391,207.73810047,203.01164927,221.69192252,208.82611059,253.49108067,248.58560964,245.55452221,255.23215472,340.87913469,421.82063134,462.91904192
"Papua New Guinea",30.99662551,33.42173076,27.15980649,23.34588091,22.10713233,21.18566994,20.87422812,19.18306222,19.91103479,24.88154,24.55736507,23.67643581,23.15285428,30.10771824,30.85227659,35.35712942
"Paraguay",40.25249279,50.57363934,48.25130265,49.68473131,48.60363103,49.55174977,37.28952481,26.03428651,23.18990199,27.74886477,31.16275087,41.58155161,49.16243024,66.32466498,57.40573189,59.29724131
"Peru",54.851164,56.78147288,54.25343626,57.04028653,55.66268159,56.82417976,55.75879556,59.24122842,60.34586368,65.7056062,76.33859239,84.26717884,113.26408866,159.69779404,136.02422577,145.19148447
"Philippines",14.59464811,16.97642343,17.7143462,13.39195848,15.66634674,16.00153621,12.79107991,11.26704328,13.31829361,13.98412564,16.51698283,17.1293996,19.91601287,20.94124521,23.21940185,27.3305837
"Pitcairn",NA,NA,NA,NA,NA,NA,NA,NA,NA,NA,NA,NA,NA,NA,NA,NA
"Poland",145.01792924,176.47804228,165.54037747,174.40225525,178.84842281,173.10499657,209.71192409,233.7363675,247.71883082,281.68062683,342.92535599,388.27701852,508.04849562,702.49913136,599.91481332,666.01938308
"Portugal",547.15655053,612.69121927,585.77738906,626.40369244,666.37863808,704.01985233,715.85378975,804.54856325,1026.03177902,1190.65400726,1262.85757418,1264.51132364,1435.37791039,1551.66683157,1604.25577271,1612.75127321
"Puerto Rico",NA,NA,NA,NA,NA,NA,NA,NA,NA,NA,NA,NA,NA,NA,NA,NA
"Qatar",376.63320582,428.87591775,467.33061736,424.27644098,424.4295097,473.24988057,554.36893595,631.60598237,1256.12334909,1347.60394175,1375.07301397,1351.68901715,1314.77576692,1299.7706689,1264.30278418,1153.07598906
"Reunion",NA,NA,NA,NA,NA,NA,NA,NA,NA,NA,NA,NA,NA,NA,NA,NA
"Romania",39.91796451,38.74886835,52.58117265,52.86432279,53.88967865,58.63183117,64.21854648,79.60156466,123.77564515,143.3921859,203.83657568,231.44591545,341.8159403,424.06639434,341.06947188,334.31746116
"Russia",83.48835391,104.73145709,137.39767585,79.01816852,47.69007248,57.45885249,69.82822769,83.73846319,97.98340427,126.5747251,171.58584403,231.38336525,313.18297437,360.58176213,301.57999229,326.09202964
"Rwanda",3.77488908,4.43135155,5.38807199,7.28630357,5.05454535,3.5416133,4.2246297,4.21005855,6.97107664,7.72612677,10.33545499,16.48278871,17.16117675,20.89012863,25.0534302,27.79632932
"St. Barthélemy",NA,NA,NA,NA,NA,NA,NA,NA,NA,NA,NA,NA,NA,NA,NA,NA
"St. Helena",NA,NA,NA,NA,NA,NA,NA,NA,NA,NA,NA,NA,NA,NA,NA,NA
"St. Kitts and Nevis",171.78190226,177.92418396,183.92280593,193.89822901,203.59417004,234.27937192,222.88055268,212.40298789,201.63518484,193.10866807,212.32669841,298.38716273,291.86256914,270.19309239,257.49586346,404.98878329
"St. Lucia",116.09473032,134.55812543,120.48883917,132.64526188,137.69868372,142.90476285,150.83446818,151.07018141,146.38557893,159.48938409,163.86381844,197.57921166,195.28515802,238.77357211,293.76986259,281.482474
"St. Martin",NA,NA,NA,NA,NA,NA,NA,NA,NA,NA,NA,NA,NA,NA,NA,NA
"St. Vincent and the Grenadines",93.20338315,98.03689684,105.98768691,99.53424836,106.43813369,112.65828303,117.50385592,138.01133542,142.53428001,145.33425856,149.84411104,178.526979,201.96953313,251.36648725,240.95753872,240.44788754
"St.-Pierre-et-Miquelon",NA,NA,NA,NA,NA,NA,NA,NA,NA,NA,NA,NA,NA,NA,NA,NA
"Samoa",39.65397118,51.61768683,56.42210043,54.14429419,62.82643541,60.61066827,58.28576571,65.42060675,73.51462076,86.45526889,92.6897135,109.85867286,141.89958889,144.23306937,131.79998642,178.81395951
"San Marino",1830.58656101,2007.19771373,1850.23000893,1941.24487503,2057.91971539,1855.14293692,1874.61959781,2578.44433429,2431.29127653,2907.62542577,2913.93945122,2940.0993156,3310.54319117,3595.69763278,3290.86362176,3120.02430016
"Sao Tome and Principe",21.62219232,19.37667023,19.2896553,14.72322593,20.47246441,19.65152003,19.09655648,21.38432091,39.91569675,36.98282916,43.27685393,32.3140711,32.9850024,35.59100619,37.30462157,34.44734077
"Saudi Arabia",118.72620967,135.61535191,151.83509909,147.30149498,230.46551982,286.89718881,288.16633267,271.46164419,278.26766795,285.54318857,338.61347576,401.4368557,408.89358554,375.32779972,379.45320289,427.22197707
"Senegal",7.46119076,8.75025119,7.5613982,8.06337422,8.96292746,7.85098909,8.40541797,10.37986738,13.92972312,16.22136241,23.88553565,27.96901832,31.67709105,35.51729159,32.49709906,32.46603794
"Serbia",55.08246243,91.01452576,103.48594146,82.22490917,89.85631072,42.00202499,78.78807453,129.86693005,163.33934938,188.9716012,202.6037018,233.9332656,335.47102282,417.41326175,356.63517933,337.83045839
"Serbia and Montenegro",NA,NA,NA,NA,NA,NA,NA,NA,NA,NA,NA,NA,NA,NA,NA,NA
"Serbia excluding Kosovo",NA,NA,NA,NA,NA,NA,NA,NA,NA,NA,NA,NA,NA,NA,NA,NA
"Seychelles",300.44578241,311.47790276,372.32682201,348.00315714,355.99272745,311.38368255,308.68433736,330.38610821,372.99187225,400.57097706,410.65198054,428.177085,380.83928132,331.81984473,279.47090518,338.54272178
"Sierra Leone",3.01513619,3.17987434,3.30137126,2.11283101,3.0535106,3.1758823,3.99473143,4.47891199,4.7311251,3.19768393,4.38020894,4.00711816,2.82082599,4.58217921,4.7467426,4.81695556
"Singapore",367.68789149,375.17987986,366.90656146,379.10827451,331.76014117,297.77086834,272.56343904,241.40797583,319.61094296,282.82024939,301.75010004,322.78798372,366.65747786,457.68324218,553.10651294,629.0965942
"Slovak Republic",196.02854417,224.74424198,210.68894926,215.00375046,195.70948421,185.68722695,192.85414537,228.03203267,317.84126065,416.87019754,465.97158214,519.59018154,720.16925892,947.80568557,968.0139713,930.29322626
"Slovenia",609.99745034,618.46610559,598.24574795,646.99968382,663.59463723,614.33496427,646.30384803,733.48241083,903.60361883,1032.8624404,1083.10565549,1159.84464639,1318.3748213,1657.99307917,1637.80046575,1586.85123335
"Solomon Islands",43.91018373,42.95620461,45.95967609,39.90736477,42.98942087,45.76841336,58.72476572,46.02412065,42.19648565,42.60468762,67.98503174,58.95872236,63.86744674,65.84194079,95.46393185,99.56021589
"Somalia",2.007823,2.19197256,2.61450737,3.42458112,3.34163662,3.03587225,1.72263628,NA,NA,NA,NA,NA,NA,NA,NA,NA
"Somaliland",NA,NA,NA,NA,NA,NA,NA,NA,NA,NA,NA,NA,NA,NA,NA,NA
"South Africa",107.40744097,97.42166554,111.16131371,104.23881037,107.52405715,101.72644024,90.48802947,81.44960646,126.08496886,151.06972337,174.52286491,183.9063962,202.19697017,203.05556417,227.89918275,286.10006466
"South Ossetia",NA,NA,NA,NA,NA,NA,NA,NA,NA,NA,NA,NA,NA,NA,NA,NA
"Spain",814.12135252,851.45764425,768.85934677,799.33808148,815.47230398,744.80852019,770.86646343,858.68869306,1207.9570545,1413.5988809,1522.8817463,1669.6228274,1947.67722236,2273.56098435,2232.16442033,2099.09591229
"Sri Lanka",11.46072596,12.12612982,12.3347859,15.79579721,14.45388887,15.77176928,14.34706248,14.75355905,16.03928131,20.62963277,23.37103342,27.85828458,29.35771437,31.67796793,30.07473532,31.30579168
"Sudan",2.07942249,2.76897773,3.09173441,3.22299532,2.39644639,3.32121574,3.71702989,4.22295779,5.54278344,7.59122205,9.77208554,14.89219311,23.06922902,32.04436732,25.9328582,25.01653433
"Suriname",42.58001262,61.25277872,69.11406651,94.94524716,77.47575117,73.99003122,62.59149302,79.86725679,87.6659947,100.11090137,124.6269249,165.27958784,171.3886544,185.86378528,238.29232811,235.35419231
"Svalbard",NA,NA,NA,NA,NA,NA,NA,NA,NA,NA,NA,NA,NA,NA,NA,NA
"Swaziland",49.93276657,49.78117669,47.95046176,44.13809345,44.34494916,42.3947245,36.55738802,34.52024706,63.63768054,68.92683821,82.0100062,97.62497814,97.87603725,104.26309583,112.19151018,129.3058133
"Sweden",1983.36945358,2229.03546166,1971.45507542,2003.74197231,2053.30597739,1935.18076608,1837.13433354,2112.83060639,2682.28664571,2977.23384354,3018.04913683,3190.2832231,3667.94164318,3966.02320272,3542.78241522,3820.11679392
"Switzerland",2287.44012923,2324.08257076,2033.81328886,2104.56059811,2105.32326143,1950.61653815,2110.10100837,2390.60446107,2882.58678851,3213.20002932,3313.13468987,3292.75615057,3586.18557341,4164.21968042,4290.42584035,4610.77460979
"Syria",20.51337292,21.13241267,20.94113061,21.69606751,22.54335177,23.95333577,25.52427313,26.21895287,29.15275587,29.07131555,31.60035514,32.17127143,38.94114241,41.82282367,43.9025242,44.42910481
"Taiwan",NA,NA,NA,NA,NA,NA,NA,NA,NA,NA,NA,NA,NA,NA,NA,NA
"Tajikistan",1.26796789,2.30983103,2.48281699,2.49941534,1.85269545,1.31954275,1.64696084,1.76117486,2.23321252,3.06441209,4.09852371,4.89757769,6.67231721,10.58100067,10.85271123,13.08033555
"Tanzania",2.69100329,2.86141118,3.86061295,4.06253464,3.8329873,4.38215131,4.77269898,4.60818282,5.87900438,5.18299026,6.87143215,13.79696161,14.96415511,16.50957144,17.935686,20.80846017
"Thailand",46.76155844,54.71482033,53.38915694,37.14918122,37.70558429,37.04532973,33.80109831,46.12850548,49.85893655,55.71091522,60.41669254,78.17882959,99.10426928,120.64161871,119.44475657,134.43340546
"Timor-Leste",31.29192123,23.60343593,38.52041305,24.70925903,22.22408445,23.89261874,25.50068854,24.39705483,26.0843422,28.11024802,39.37183222,44.19350087,42.97399785,44.37236716,42.63445724,31.74442236
"Togo",5.98969424,5.94910657,5.2459546,6.00659037,5.00622835,4.0760665,3.33228247,2.64229195,4.66110173,6.16070309,7.41416295,8.98786089,9.61979178,13.21661836,17.56904368,17.96115138
"Tokelau",NA,NA,NA,NA,NA,NA,NA,NA,NA,NA,NA,NA,NA,NA,NA,NA
"Tonga",56.40098922,63.83993448,66.77756647,62.51534514,75.2081817,64.50970769,72.58090781,69.89765482,88.09097697,95.26627072,145.62549148,138.31301512,174.22260341,175.69027314,114.97357827,140.01594921
"Transnistria",NA,NA,NA,NA,NA,NA,NA,NA,NA,NA,NA,NA,NA,NA,NA,NA
"Trinidad and Tobago",94.26218324,90.09833557,86.64868359,68.52874022,100.01073874,105.46846256,133.36220025,168.43829792,207.98670972,233.17572116,363.70517735,370.86875804,387.03338878,444.39576537,513.84578023,515.64324456
"Tunisia",64.10270161,65.26624517,61.12469002,63.95520592,66.23708964,67.23838171,65.50305826,67.27868146,79.97758776,92.54257544,93.34450009,101.40641049,113.43076101,133.16734197,133.11641442,129.14504283
"Turkey",67.14680445,80.69988323,93.00962453,111.41687092,113.7351986,128.68841641,105.06918472,132.69718682,173.73375113,220.70626355,259.33143972,301.3745787,375.40096313,455.44952995,432.3737731,509.9637435
"Turkmenistan",26.02883207,12.60969629,21.51263867,22.79813341,20.68114646,35.86475902,42.92528663,45.98571236,66.57246174,73.18861115,73.11018436,68.86366881,74.17088586,41.10773108,54.68129555,62.99335327
"Turks and Caicos Islands",NA,NA,NA,NA,NA,NA,NA,NA,NA,NA,NA,NA,NA,NA,NA,NA
"Tuvalu",64.34333532,152.05109465,116.53951796,119.79976775,135.58872863,231.43955693,245.19930992,237.84872612,410.03341289,370.32159019,402.20669525,447.00543797,474.89814757,623.24859182,402.31064504,567.45131219
"Uganda",4.47225376,4.64992748,4.99637613,4.26097307,4.90468307,4.19208651,4.64300201,5.20036305,5.27805713,5.92297374,7.25685404,7.01639587,7.32491688,7.78474969,9.58457551,10.15830802
"Ukraine",30.0241936,34.25791041,34.05254112,29.73822432,18.82180679,18.5137196,24.10154515,31.01435983,42.53842304,53.10846255,69.97515955,89.83861439,121.20232319,149.69852459,110.06955207,132.71233822
"United Arab Emirates",582.74945605,579.53421004,588.17837697,564.75697987,558.89216155,576.74880354,637.76715708,578.23561475,611.06746853,588.31725912,607.50030395,658.48858791,717.9980244,1007.94361432,1310.87815013,1078.23925339
"United Kingdom",1142.36104545,1190.3484238,1236.95493149,1331.42882516,1422.58833553,1392.93520146,1438.30007983,1639.44419102,1941.45650392,2392.0480206,2554.01138204,2778.88425784,3156.50193662,3130.58683652,2894.52794281,2938.4240049
"United States",1683.12440382,1753.84010037,1811.22843824,1843.05828445,1916.39191514,2031.76538126,2231.18283341,2404.82062469,2608.07098,2785.6029496,2953.58240435,3174.43449391,3356.07026825,3554.23874358,3794.85208685,4436.60704926
"Uruguay",410.25394558,361.69431972,258.41660882,288.08086977,460.80993853,422.05441118,379.76074716,238.88205802,178.35126362,172.32620296,219.12603819,261.95432031,306.94298825,459.64983305,513.97891444,669.40953284
"USSR",NA,NA,NA,NA,NA,NA,NA,NA,NA,NA,NA,NA,NA,NA,NA,NA
"Uzbekistan",15.78740212,21.79116215,20.55628017,18.23412762,19.57472723,13.97249003,11.8547919,9.2626198,9.45909681,10.57956357,12.5558759,15.93992915,19.34177596,26.31500891,33.12630874,39.13216983
"Wallis et Futuna",NA,NA,NA,NA,NA,NA,NA,NA,NA,NA,NA,NA,NA,NA,NA,NA
"Vanuatu",31.70008714,26.62308771,35.81556034,44.78802042,39.03848476,40.22642925,37.94598408,39.24583068,43.44063664,45.75535198,44.37377079,50.80490573,77.49118913,97.95105059,110.14478888,142.5648294
"Venezuela",61.2279607,45.01083023,51.83227723,57.11821019,85.7757641,113.5625661,120.02488897,81.65673723,72.46413609,99.02271731,128.2119954,161.57507932,221.67618159,268.92687157,275.48958065,231.51860224
"West Bank and Gaza",NA,NA,NA,NA,NA,NA,NA,NA,NA,NA,NA,NA,NA,NA,NA,NA
"West Germany",NA,NA,NA,NA,NA,NA,NA,NA,NA,NA,NA,NA,NA,NA,NA,NA
"Western Sahara",NA,NA,NA,NA,NA,NA,NA,NA,NA,NA,NA,NA,NA,NA,NA,NA
"Vietnam",4.9253403,5.35786243,5.6593029,6.11679125,6.32316244,6.46622166,7.21324206,6.82460938,8.14594661,8.37313093,9.83805766,15.35333919,23.34571095,23.80215849,28.94738283,31.35985546
"Virgin Islands (U.S.)",NA,NA,NA,NA,NA,NA,NA,NA,NA,NA,NA,NA,NA,NA,NA,NA
"North Yemen (former)",NA,NA,NA,NA,NA,NA,NA,NA,NA,NA,NA,NA,NA,NA,NA,NA
"South Yemen (former)",NA,NA,NA,NA,NA,NA,NA,NA,NA,NA,NA,NA,NA,NA,NA,NA
"Yemen",12.42190055,10.96688242,9.43751868,10.12901083,10.84934234,13.60351098,14.32208869,14.20221815,16.65132689,14.4603234,14.30365029,16.30562847,17.08513791,21.1315877,16.7946704,15.26963994
"Yugoslavia",NA,NA,NA,NA,NA,NA,NA,NA,NA,NA,NA,NA,NA,NA,NA,NA
"Zambia",13.23782123,13.04177451,16.83173958,13.57040056,9.018808,9.2260366,11.7288767,14.71169463,16.21507513,18.40720659,24.04921197,35.028628,31.10667411,43.1885424,36.66427176,43.93203745
"Zimbabwe",28.05200411,29.34739993,30.08015822,29.43777179,17.63531414,31.48725574,25.3661501,NA,NA,NA,NA,NA,NA,NA,NA,NA
"Åland",NA,NA,NA,NA,NA,NA,NA,NA,NA,NA,NA,NA,NA,NA,NA,NA
"South Sudan",NA,NA,NA,NA,NA,NA,NA,NA,NA,NA,NA,NA,NA,NA,NA,NA
"Christian",NA,NA,NA,NA,NA,NA,NA,NA,NA,NA,NA,NA,NA,NA,NA,NA
"Coastline",NA,NA,NA,NA,NA,NA,NA,NA,NA,NA,NA,NA,NA,NA,NA,NA
"Curaçao",NA,NA,NA,NA,NA,NA,NA,NA,NA,NA,NA,NA,NA,NA,NA,NA
"Sint Maarten (Dutch part)",NA,NA,NA,NA,NA,NA,NA,NA,NA,NA,NA,NA,NA,NA,NA,NA
"St. Martin (French part)",NA,NA,NA,NA,NA,NA,NA,NA,NA,NA,NA,NA,NA,NA,NA,NA
